{
  "best_global_step": null,
  "best_metric": null,
  "best_model_checkpoint": null,
  "epoch": 3.0,
  "eval_steps": 10,
  "global_step": 15,
  "is_hyper_param_search": false,
  "is_local_process_zero": true,
  "is_world_process_zero": true,
  "log_history": [
    {
      "entropy": 2.3227353572845457,
      "epoch": 1.0,
      "grad_norm": 4.738785743713379,
      "learning_rate": 0.00014666666666666666,
      "loss": 4.716371536254883,
      "mean_token_accuracy": 0.4030268743634224,
      "num_tokens": 1430.0,
      "step": 5
    },
    {
      "entropy": 2.300154757499695,
      "epoch": 2.0,
      "grad_norm": 2.580627918243408,
      "learning_rate": 8e-05,
      "loss": 2.3926292419433595,
      "mean_token_accuracy": 0.6129325270652771,
      "num_tokens": 2860.0,
      "step": 10
    },
    {
      "epoch": 2.0,
      "eval_entropy": 2.269219398498535,
      "eval_loss": 2.5057458877563477,
      "eval_mean_token_accuracy": 0.5755813717842102,
      "eval_num_tokens": 2860.0,
      "eval_runtime": 19.3434,
      "eval_samples_per_second": 0.258,
      "eval_steps_per_second": 0.052,
      "step": 10
    },
    {
      "entropy": 2.095640015602112,
      "epoch": 3.0,
      "grad_norm": 1.8974326848983765,
      "learning_rate": 1.3333333333333333e-05,
      "loss": 1.9651039123535157,
      "mean_token_accuracy": 0.6657271981239319,
      "num_tokens": 4290.0,
      "step": 15
    }
  ],
  "logging_steps": 5,
  "max_steps": 15,
  "num_input_tokens_seen": 0,
  "num_train_epochs": 3,
  "save_steps": 10,
  "stateful_callbacks": {
    "TrainerControl": {
      "args": {
        "should_epoch_stop": false,
        "should_evaluate": false,
        "should_log": false,
        "should_save": true,
        "should_training_stop": true
      },
      "attributes": {}
    }
  },
  "total_flos": 3031853746944.0,
  "train_batch_size": 4,
  "trial_name": null,
  "trial_params": null
}
